Back.jpg,39c011ac0afdf37191cad8db44bb82ba
BackWhite.jpg,722415dfb1740123a5152dfdcf915044
FORVN-001.jpg,9be21d4a8f3f3f150225e06c66baa8bc
FORVN-002.jpg,15d4edf05e7f37da6d375befbc049223
PHDW-001.jpg,81a42bc489a02896d1c3df04f2ed1f8d
PHDW-002.jpg,4e539745d573b90bccb501703f12c477
PHDW-003.jpg,b7f6c6dcad433b68f4efe9b6984a2079
PHDW-004.jpg,c443e69417bec8fcbcbff547ca39cb07
PHDW-005.jpg,be35299ebe4edbfdc00d3a3a80a1f8a2
PHDW-006.jpg,b51eadf2cdecee70b3f1172aaf76f66c
PHDW-007.jpg,59a0bdf4c1de01ac7fa16f10070579e2
PHDW-008.jpg,a22ea453abf8cd59c1054418aee844ff
PHDW-009.jpg,02727ff24f658f6285e9c2b05f724543
PHDW-010.jpg,cca7e5854909ba28bfa9b6f722012fc0
PHDW-011.jpg,d2a0ee8b7fa52abc0b73a9d96809e793
PHDW-012.jpg,09d511b244ec56b5f9fce15d605fcd46
PHDW-013.jpg,37e9e5336d00285ec898bec3b998e59f
PHDW-014.jpg,c9a6329c2875a7ea27beaf0c7cdcc63a
PHDW-015.jpg,eeb853983215d95de121b6c5712bc850
PHDW-016.jpg,6a6bb0cfca6d5a26c97e2a6b0f6fc337
PHDW-017.jpg,88ae1545dc4e38f8e6371ac6142f449d
PHDW-018.jpg,ca9f97515f34c6e94c2cc3bcc6b5dca5
PHDW-019.jpg,f2e58ff2a16b4dbe8b31d1308f628986
PHDW-020.jpg,fb702932bd06d78d962c39fc5a5c8dbb
PHDW-021.jpg,cb2a26c4784eefa3a2dc241b6850ede3
PHDW-022.jpg,24977e2ff99c4132715eac6983c90667
PHDW-023.jpg,44b9d03629aedb1c0d7a15d75b05136d
PHDW-024.jpg,d23c9203bb768321b1b08f325f30c1a0
PHDW-025.jpg,2c808807854a5a4735fe63084193cb46
PHDW-026.jpg,d2f559904c3357120f0a1ae6c3c0b0ac
PHDW-027.jpg,e6aa32b6e670bb2bbda743e02d80c5a7
PHDW-028.jpg,9abd754d20d65212e97b35ccfaaecae7
PHDW-029.jpg,a71bda161397a97ae98b348421992cac
PHDW-030.jpg,fc81d1726fb20099cbfb9d9d85073798
PHDW-031.jpg,188db1573ac3ce00670c43088c1cdb69
PHDW-032.jpg,5bf6f66385ad6ba8c834a1daedd4db21
PHDW-033.jpg,c4beb72c820f95b3f5cb28d01f870349
PHDW-034.jpg,bea85918294b36c88c198e01676fc13f
PHDW-035.jpg,6ccd3e31a33cd410738469bbef7c0c3d
PHDW-036.jpg,f2de2baff62fd97b721d357481fe1a3b
PHDW-037.jpg,b1c1bbfe3b66008de39efd25098ddab2
PHDW-038.jpg,f17f6f360678ebd65104712de10d3ec3
PHDW-039.jpg,a0df35d067ac4ce9772dccf5de60aeb3
PHDW-040.jpg,6b2fd81f973421b7ca7483f635f09fa5
PHDW-041.jpg,af6279b9aea1b3d2e9d14fd8f3f66319
PHDW-042.jpg,164c624394ec8a934623ddf76d376915
PHDW-043.jpg,fa749f8350e8b467659c12c4c22c8147
PHDW-044.jpg,38c26405bf0874a7eb47648c663e81c8
PHDW-045.jpg,c5cad7b1a0e9ead1ead6ff30b00a7498
PHDW-046.jpg,fd50cd99d95e47131205921fc526b91c
PHDW-047.jpg,737c4991a7feb7bccfd762ebe7f14363
PHDW-048.jpg,07a5ac67cdefdf969784b19f243fd518
PHDW-049.jpg,422e680fa9edbb50e2bb16304b3d64a0
PHDW-050.jpg,eca02ce26f6689427462c01df3912e29
PHDW-051.jpg,5e70aa9a102f5ff84d6d4b8b7082ed2d
PHDW-052.jpg,e6039b56ea1a68d0ef29709f3a599c9a
PHDW-053.jpg,8c6d951089b03e3d6c0739768496945b
PHDW-054.jpg,b46ab435a3ecd4bd574577a53d65289c
PHDW-055.jpg,ad7029bf221a7fa60e7eed08b549c306
PHDW-056.jpg,837e195837c29714389b52c59ad2da38
PHDW-057.jpg,a14d0413dff3c93ecdff68ede12691e8
PHDW-058.jpg,890152190c3d39c2e0cc45a3ddc38d93
PHDW-059.jpg,a4427f20ddfc806e15148fb80fa6d749
PHDW-060.jpg,31253b483a6df26eca679f6d3c100a81
PHDW-061.jpg,2e072b172f63e3b7cbeba37909c2178e
PHDW-062.jpg,5f095dba73a8af8d43e80dc543c76b05
PHDW-063.jpg,8202f40063aff100b0043c79be09188d
PHDW-064.jpg,9567115483f57aa82524800259b2c867
PHDW-065.jpg,fcb413bf06153c554599a5eeac5bb4ac
PHDW-066.jpg,667cee94463374ce2b458a4e1e02aa61
PHDW-067.jpg,1a8d2f10b124c10eb8d7e1c7fad1075a
PHDW-068.jpg,727f172c63c00dc3a5441cd17c6fa365
PHDW-069.jpg,ca641a4e0ea8a3d3b4bf8c7e10517657
PHDW-070.jpg,353f787d3aa9bffcc65aa99567e86758
PHDW-071.jpg,c6a37a5200df11a0f6513c63ba7ef74d
PHDW-072.jpg,982bc57d5a7c79639cc16e08cfa6fefc
PHDW-073.jpg,b6758037cf87e997d4311e5dab8fc8ee
PHDW-074.jpg,b5fedee3a991927cb41610c8d1c73e0e
PHDW-075.jpg,9405dc8ca27545ab7c316e49f3f45b4a
PHDW-076.jpg,e91cadde050dc1d6e2cd987bde300e48
PHDW-077.jpg,4c429d10cd890ed2db6a07dbd998ed79
PHDW-078.jpg,9c966cddc973cd1a1656f7f256f066f4
PHDW-079.jpg,12a2079018b6a1605e8dd951cdfbc5ca
PHDW-080.jpg,09f8d7f72f9de710ecf349e8772f104c
PHDW-081.jpg,c66476109d405ab6c4febb9abd8c7a40
PHDW-082.jpg,e337aace91a0d1d7b3c0f981e377b75c
PHDW-083.jpg,14abea91d230f3cee503d5c18fbe590c
PHDW-084.jpg,794ad96ae41ab4550a2a866ab267ba89
PHDW-085.jpg,fa5430541fe691ab1d39b5c96690144c
PHDW-086.jpg,5d2ddb026e0e39020a801f9bc2e1fafe
PHDW-087.jpg,ed342648485e2f7637a1017e4c128e40
PHDW-088.jpg,7616e7d4917e304f82d2c67634f3ea7c
PHDW-089.jpg,b65feead1e1c0688bdc9433d11c73328
PHDW-090.jpg,3c9c943bf677b444c19e79f53490699b
PHDW-091.jpg,1a6002273e95acdb701277f6107c1ca9
PHDW-092.jpg,976d04034419edfcd1e06559a06c631b
PHDW-093.jpg,9793ca1f49c1e8c9c844097358394b53
PHDW-094.jpg,8d02afbf15ef4ec46fcc15e83fac4403
PHDW-095.jpg,cd4b945a07bde43f5f1ccc3a4eca5d82
PHDW-096.jpg,baa1cd67159ac2b0b25307d0481b5f54
PHDW-097.jpg,11d8f120748d1d8368ede4e0829d55d0
PHDW-098.jpg,01e472347e925f53707657d4ac82139e
PHDW-099.jpg,fa435c3d5304322a93b018460209fdf0
PHDW-100.jpg,7a261dacc5c2ba5d5c2dd3647d547ec1
PHDW-101.jpg,79fb0db32a51fd80e4dfcc281eaf275b
PHDW-102.jpg,7048ec4d28bf3cf4a010fd73995f1f37
PHDW-103.jpg,105209dc5537b75afcf12247d155a443
PHDW-104.jpg,4d1495f859d87f7ebdb49e472bc7561f
PHDW-105.jpg,254bd5c07a2348adacab44baf89636c5
PHDW-106.jpg,5662cf36fe5553da027303b55e9c010c
PHDW-107.jpg,5cb2b4970f3e391565283fdf4ebeb3c4
PHDW-108.jpg,8c94b98a5f098bdf3a093ad3c661ac77
PHDW-109.jpg,dd137ea8f46ed6c8908723230b9c65ab
PHDW-110.jpg,912d6274bfcf00facf340b36c600405d
PHDW-111.jpg,ec8fa62ddecacceb74e31ed27949cd5a
PHDW-112.jpg,cff802fc3828935ab24598d47df3f05a
PHDW-113.jpg,1af37c7c457479891e8fc9a03614e120
PHDW-114.jpg,ae76727ed7bec07bdd10b06a5baa8238
PHDW-115.jpg,495fad288b17c0f4ef1567d2bf30ce2d
PHDW-116.jpg,954e8062874d49fb5d0da1911d33c86f
PHDW-117.jpg,70497667c5e154c139011b2584611ea2
PHDW-118.jpg,555757b8a8b0ef73314b269f492681d8
PHDW-119.jpg,092f0a57c8917ed94012c3dc8f7939ee
PHDW-120.jpg,2f6d6b5e26fae1856c77198bf277b6bb
PHDW-121.jpg,a34e128c0809a9819547d8dc1c64ef75
PHDW-122.jpg,6397aca1efa18042a7cd00477295ff5c
PHDW-123.jpg,364c3658072c9e966eefddd425739e8a
PHDW-124.jpg,a44d4c1bfb9a2f54d5d94c16c1c91d0c
PHDW-125.jpg,402e131e1c2956d2c48d88319fe57d54
PHDW-126.jpg,96e14a880ac32542bd1883f4e4b4f410
PHDW-127.jpg,f46a2f34501c59a15ab43553be87479b
PHDW-128.jpg,20f7132a0816117fb5cec284bc2a6b38
PHDW-129.jpg,268f60697eb6f97454c2f700d2c760a2
PHDW-130.jpg,0938774dff607943a9d4138f803f05eb
PHDW-131.jpg,0f6e067cd28d914b585ed46f38a5d885
PHDW-132.jpg,7a7f37daa2f5de59dd5b115f62955f13
PHDW-133.jpg,36e07f5d9ffcb22cbbbfeb10a639cd94
PHDW-134.jpg,39f895238966c4b516985a9688b2b120
PHDW-135.jpg,b659382e6f695b2b8538c122d76cc1f0
PHDW-136.jpg,c8dbd2dc8fb72a17126abb68087996de
PHDW-137.jpg,252d1cd8adaa52146596d82562fe4b06
PHDW-138.jpg,3fae0ea2c80e726fd070bfe5b31c957b
PHDW-139.jpg,6842f702234b5b91c150261fbaaf0f86
PHDW-140.jpg,5ed786801110a8c833b81dcc32d241d5
PHDW-141.jpg,2152b5f3393861f2de86c2a0327aab6f
PHDW-142.jpg,0cc5cbc49e2a5666959d15dec6cbb765
PHDW-143.jpg,376d55466e5fceb67766f0eac98b7d9d
PHDW-144.jpg,20aba1fb7ada2a83c96bc1ccd442357e
PHDW-145.jpg,f06fb48a33684b4f7b22257293f2ba8d
PHDW-146.jpg,24b5a20d2b5b217af79e77b48c675447
PHDW-147.jpg,7e995456b7824c47ccc9a148952d2c0a
PHDW-148.jpg,4b42e7af1ae5e8d2bc5c67cea1d664a0
PHDW-149.jpg,547e25b8c71a875a33583aac29631e1e
PHDW-150.jpg,a5ca967e38dae550615608f4409a3398
PHDW-151.jpg,a444d02d24d68542fef26e832f4d6a73
PHDW-152.jpg,766b1a401d27bbd5be390c53299d0285
PHDW-153.jpg,78352704e94874357564076df762a172
PHDW-154.jpg,47c84a93eca7d9a5dea66ec3019f24c6
PHDW-155.jpg,0929f51cca6cb56959af2899ca343ed6
PHDW-156.jpg,19a16311d0ad7650222522a4190168ad
PHDW-157.jpg,3bb2f09c4f646e1820389a1788d8875c
PHDW-158.jpg,8bab72c60e08eff91cb86c104f9f96ce
PHDW-159.jpg,caea57499b5abe3a7dd004cf52223b0d
PHDW-160.jpg,02ebd760451d5f68a94c0e945e4473ac
PHDW-161.jpg,37b1e1fc3ff17cb707357a315c6bd59e
PHDW-162.jpg,570d497e4ed32e668934bdf4b0f299ed
PHDW-163.jpg,7dc56753d969708a138d9b5acc88cc1b
PHDW-164.jpg,c685713ecc5d4331b0bdcef197c669f8
PHDW-165.jpg,dcf3189e45ba3c2757731c57db160fcf
PHDW-166.jpg,6766dd31eba4485483a29523bc7a4f76
PHDW-167.jpg,7823b66fddcab554d1f8fd4474382eb7
PHDW-168.jpg,83c450710cb0954cd904a48b0bb5b4f5
PHDW-169.jpg,8b4d858c5402823bc3b6f02d18a0e84a
PHDW-170.jpg,f8f6b4c23842746edc1df2b270c28de9
PHDW-171.jpg,18b0f36fb55b087a47b10e0e1011800f
PHDW-172.jpg,0a649a07fa6e3fa24a82430d781b6e6c
PHDW-173.jpg,e3c902783d47d5d5c6225ce1678dc13a
PHDW-174.jpg,dc8a988418a16eac03db1ab6c9679eb8
PHDW-175.jpg,a323f4ad83cba8678dda4bbf316b2185
PHDW-176.jpg,13ef9f48e363543b2eb0a24e383ab525
PHDW-177.jpg,48e26dc4d864ed1c771e668e59e23b28
PHDW-178.jpg,2ce27dc5eb9a881036dc01b52eefb571
PHDW-179.jpg,401dc2672fa0a4332dc5a306952052bd
PHDW-180.jpg,0be65bbcdf7fbe6bfd2c2dab93a4514f
PHDW-181.jpg,698174e0e2998ab1f78d0349983d530f
cardlist.csv,70448022105f34b4e3b0f847dcbdb35b
versionInfo.txt,d86fe9e677f8b43466f1754b7cc46984
Holograms/FORVN-001.png,ece9696b60bec13849463f961ea2fc04
Holograms/FORVN-002.png,d22c54b78d4a7f0b482e25f6a0cd6c86
Holograms/FORVN-003.png,fc6dfbc6b40d9ac124a84221ccc71043
Holograms/PHDW-001.png,101b10f87866b8075a03b0f4037130d4
Holograms/PHDW-002.png,a65846f6ddd63bde5f4ecc0466709bac
Holograms/PHDW-003.png,d93eaeb27c6514f8c3354ad6c710f209
Holograms/PHDW-004.png,7548443a24e02c595aa2ec86b60015cd
Holograms/PHDW-005.png,80b5ddb6dcaf37e545a385067f6c8732
Holograms/PHDW-006.png,4a708c730b44ec1cadaafc92a294b089
Holograms/PHDW-007.png,f80bb755bed40f6952fe5c89f9b39c39
Holograms/PHDW-008.png,b8bf4293c5558d49c7fefaebc5cdc059
Holograms/PHDW-009.png,87aa9f00ad9d1454e3acd53d0a225529
Holograms/PHDW-010.png,19ef1b52ea27adffb6646ee3e32ef1ff
Holograms/PHDW-012.png,43a49b9e069c3fea09fb530f93ced9ca
Holograms/PHDW-016.png,801ac49b46b43a49b1b90f22ddf000eb
Holograms/PHDW-017.png,f00627f27daed343a6361bd4138ad6d2
Holograms/PHDW-023.png,79fb6f3178e7b9a4cb4b8d7a52fd2836
Holograms/PHDW-025.png,b101a83e7a9fbe4110dd32edfd952c14
Holograms/PHDW-031.png,a53b9499c2d7f92f6c2f9233fa7bb504
Holograms/PHDW-032.png,9eb217d7aa01692e837cf76c0f9d342d
Holograms/PHDW-035.png,3cb04112b386247e83f844e13dee8651
Holograms/PHDW-036.png,02d8599739378e7e25ec1b52519a0cfd
Holograms/PHDW-044.png,38c410ce55f249983cf64cddafc11c03
Holograms/PHDW-046.png,93320b8bb18f4bc5e7aec9c27ddfe298
Holograms/PHDW-049.png,33a21ff785e5b2be7dfd7d9bd48171f3
Holograms/PHDW-050.png,cf59cab2b1d152448bbd34205fcdb6d5
Holograms/PHDW-051.png,3cc3815ee8d2dbeb42a6e69877ce8d52
Holograms/PHDW-061.png,d8701c50ba4dd6dad499361a92b88d12
Holograms/PHDW-062.png,34cbc1ef99204ff12d301f5ae80aad6d
Holograms/PHDW-063.png,385c06b1ac81bb2ec35c564038855ebe
Holograms/PHDW-064.png,584ffe7f114da0b81dc7d178a8b2c55a
Holograms/PHDW-065.png,ee3795eb655f64182a5af1efad887cc9
Holograms/PHDW-066.png,4f3837918de7d191e1615bce72c5b3dc
Holograms/PHDW-067.png,cd1abcfdd0ec966e35e8eeeb07c6e5eb
Holograms/PHDW-068.png,effd0f014195176618593799948b8686
Holograms/PHDW-069.png,872c43643fa5b157ce49fed91fe1399e
Holograms/PHDW-070.png,949dbc68f926b2aa88d459fd01c8fdb3
Holograms/PHDW-074.png,4fcc61cbe0a88dc54cbf2680f7bc2dcb
Previews/Back.jpg,0f31d60cd4f6358b1bebf9354e4255dc
Previews/BackWhite.jpg,c0085a7ff5a6c0073c1f39667241a8b0
Previews/FORVN-001.jpg,ade0f22e5cf43dfd0960df65270b1fa1
Previews/FORVN-002.jpg,8f61603aa7a8c2f535600aaf897bd264
Previews/FORVN-003.jpg,6702d875157c17ada52ac3e8522a6fbb
Previews/PHDW-001.jpg,a26184c2a312433eb678402c3799f631
Previews/PHDW-002.jpg,8cfa111ab980d626f7bc112f0795c2f1
Previews/PHDW-003.jpg,68d8fd6fec034e251c2013b846cf70f0
Previews/PHDW-004.jpg,6b84d0c9519fcdddcd1715d45b3ff0b5
Previews/PHDW-005.jpg,a29961b77cc5c0fd05a776b5f32c4be9
Previews/PHDW-006.jpg,b4941ada74447068086408a95d39a37b
Previews/PHDW-007.jpg,4e1b9bdbe18c078f29c3560ef60049bd
Previews/PHDW-008.jpg,e35cb89930a9865bef293657dcf6c364
Previews/PHDW-009.jpg,2dc0f11d1179ada35f2a48291bf8c9c2
Previews/PHDW-010.jpg,5d30be17353c82217c9057dc7c438cfe
Previews/PHDW-011.jpg,3e845c148ef08adb362f3fdf82551d49
Previews/PHDW-012.jpg,a8e321151716fbf9bc7e7edf2a8f2815
Previews/PHDW-013.jpg,ecc25698e4946ffd6fc4f5630b2c8e19
Previews/PHDW-014.jpg,1a74a6dc163403a6c6f59a38e624c409
Previews/PHDW-015.jpg,1200b9f19ce4843c9d22d0ae9163cc6c
Previews/PHDW-016.jpg,02e8200f97deffd2e7441329564dc743
Previews/PHDW-017.jpg,05a0fc1067cd4957fc8e1a75e2a667e8
Previews/PHDW-018.jpg,f734050f7dbdff6c814cbabb883c8e86
Previews/PHDW-019.jpg,b8d830f04b981dd5f22e82cc30f71b79
Previews/PHDW-020.jpg,8c9e1f8bfbc4855d23277d2f90d98393
Previews/PHDW-021.jpg,f889a90f003f18dbc368e07b1b443ec5
Previews/PHDW-022.jpg,9b2d5266af9489c6160b69069c6ba995
Previews/PHDW-023.jpg,da225b53f98281712123a0b0a0ffb63b
Previews/PHDW-024.jpg,995cc6cd3640ec19d8caad47ca16b39a
Previews/PHDW-025.jpg,e6452ce643b81803a459d7e2cfc6b9c4
Previews/PHDW-026.jpg,cced95aa1914e8cc3a0708d61d98ace2
Previews/PHDW-027.jpg,3e845c148ef08adb362f3fdf82551d49
Previews/PHDW-028.jpg,3e845c148ef08adb362f3fdf82551d49
Previews/PHDW-029.jpg,0df41c3b53ccded8b24fb48d0cc2d018
Previews/PHDW-030.jpg,27574e999cc096edf2589147e971a56c
Previews/PHDW-031.jpg,6298050117ad18f0b166d2c0c199039f
Previews/PHDW-032.jpg,ff1ec4b55cd9256701a8848fceeaed8d
Previews/PHDW-033.jpg,7fd8a0228911bd32a142b1a292087ace
Previews/PHDW-034.jpg,3e845c148ef08adb362f3fdf82551d49
Previews/PHDW-035.jpg,b3d7cd1b9f630cfd95a3ff398f4a17c4
Previews/PHDW-036.jpg,66fb4772451c804553dcc95aaeeab0ea
Previews/PHDW-037.jpg,3e845c148ef08adb362f3fdf82551d49
Previews/PHDW-038.jpg,9cc542d691559b4907091804e4ea7c9d
Previews/PHDW-039.jpg,3e845c148ef08adb362f3fdf82551d49
Previews/PHDW-040.jpg,3e845c148ef08adb362f3fdf82551d49
Previews/PHDW-041.jpg,3e845c148ef08adb362f3fdf82551d49
Previews/PHDW-042.jpg,3e845c148ef08adb362f3fdf82551d49
Previews/PHDW-043.jpg,3e845c148ef08adb362f3fdf82551d49
Previews/PHDW-044.jpg,992ac60541308fb67353d2d953bbae6c
Previews/PHDW-045.jpg,3e845c148ef08adb362f3fdf82551d49
Previews/PHDW-046.jpg,4514433b6dea89dad766a132bd6b93d8
Previews/PHDW-047.jpg,3e845c148ef08adb362f3fdf82551d49
Previews/PHDW-048.jpg,3e845c148ef08adb362f3fdf82551d49
Previews/PHDW-049.jpg,624aae72c53e955cecbe7130edcd097d
Previews/PHDW-050.jpg,6fd8fd896dd78d7e721235c35b637d04
Previews/PHDW-051.jpg,7f0406e4ef7fdb596d8e275cc6d84de0
Previews/PHDW-052.jpg,4cc956d92492ac47ee72bb629748cb57
Previews/PHDW-053.jpg,4cc956d92492ac47ee72bb629748cb57
Previews/PHDW-054.jpg,4cc956d92492ac47ee72bb629748cb57
Previews/PHDW-055.jpg,4cc956d92492ac47ee72bb629748cb57
Previews/PHDW-056.jpg,4cc956d92492ac47ee72bb629748cb57
Previews/PHDW-057.jpg,4cc956d92492ac47ee72bb629748cb57
Previews/PHDW-058.jpg,4cc956d92492ac47ee72bb629748cb57
Previews/PHDW-059.jpg,4cc956d92492ac47ee72bb629748cb57
Previews/PHDW-060.jpg,4cc956d92492ac47ee72bb629748cb57
Previews/PHDW-061.jpg,02cd07ef7964e9daa66f99641f63467e
Previews/PHDW-062.jpg,4674029ad131bf59e2b54a0ed7778f62
Previews/PHDW-063.jpg,8196d3a02475b0aebcb7bede60ddf919
Previews/PHDW-064.jpg,a4cf3ea678fe58ec5463a4ba6e9066f6
Previews/PHDW-065.jpg,c253223e7c6cb86894d6121273f22084
Previews/PHDW-066.jpg,b6566d4597fa9c19b1790ef464f30975
Previews/PHDW-067.jpg,c85015182fb99420c948c938fe4ca6cc
Previews/PHDW-068.jpg,507062c4d0368c9f0f02a72376c32670
Previews/PHDW-069.jpg,987dfd5bcd4451a68d91adacb61f3da7
Previews/PHDW-070.jpg,b49c34cd9eb2ce1476cff3c0283e7d92
Previews/PHDW-071.jpg,888330e7c97ac7012a5331dff09fa7a3
Previews/PHDW-072.jpg,3e845c148ef08adb362f3fdf82551d49
Previews/PHDW-073.jpg,b05f2960f54825fb836aac2e7af2280e
Previews/PHDW-074.jpg,f5345a90541b7720b268887254aa54b1
Previews/PHDW-075.jpg,10ba08f6299c19238e01b35d4672a528
Previews/PHDW-076.jpg,b7f227623c516384e3239bcc0cf8baf2
Previews/PHDW-077.jpg,3e845c148ef08adb362f3fdf82551d49
Previews/PHDW-078.jpg,3e845c148ef08adb362f3fdf82551d49
Previews/PHDW-079.jpg,3e845c148ef08adb362f3fdf82551d49
Previews/PHDW-080.jpg,f6aab78248d58910e03e15828c0c248e
Previews/PHDW-081.jpg,3e845c148ef08adb362f3fdf82551d49
Previews/PHDW-082.jpg,8b845de375bbfca9e9c677d1e72c89d7
Previews/PHDW-083.jpg,3e845c148ef08adb362f3fdf82551d49
Previews/PHDW-084.jpg,3e845c148ef08adb362f3fdf82551d49
Previews/PHDW-085.jpg,3e845c148ef08adb362f3fdf82551d49
Previews/PHDW-086.jpg,3e845c148ef08adb362f3fdf82551d49
Previews/PHDW-087.jpg,3e845c148ef08adb362f3fdf82551d49
Previews/PHDW-088.jpg,3e845c148ef08adb362f3fdf82551d49
Previews/PHDW-089.jpg,3e845c148ef08adb362f3fdf82551d49
Previews/PHDW-090.jpg,3e845c148ef08adb362f3fdf82551d49
Previews/PHDW-091.jpg,3e845c148ef08adb362f3fdf82551d49
Previews/PHDW-092.jpg,3e845c148ef08adb362f3fdf82551d49
Previews/PHDW-093.jpg,3e845c148ef08adb362f3fdf82551d49
Previews/PHDW-094.jpg,3e845c148ef08adb362f3fdf82551d49
Previews/PHDW-095.jpg,f460427afb465c558e552418bdcc4102
Previews/PHDW-096.jpg,3e845c148ef08adb362f3fdf82551d49
Previews/PHDW-097.jpg,3e845c148ef08adb362f3fdf82551d49
Previews/PHDW-098.jpg,703d95d0123a1717cdfbeea9c13d46ed
Previews/PHDW-099.jpg,3e845c148ef08adb362f3fdf82551d49
Previews/PHDW-100.jpg,3e845c148ef08adb362f3fdf82551d49
Previews/PHDW-101.jpg,4cc956d92492ac47ee72bb629748cb57
Previews/PHDW-102.jpg,4cc956d92492ac47ee72bb629748cb57
Previews/PHDW-103.jpg,4cc956d92492ac47ee72bb629748cb57
Previews/PHDW-104.jpg,4cc956d92492ac47ee72bb629748cb57
Previews/PHDW-105.jpg,4cc956d92492ac47ee72bb629748cb57
Previews/PHDW-106.jpg,4cc956d92492ac47ee72bb629748cb57
Previews/PHDW-107.jpg,4cc956d92492ac47ee72bb629748cb57
Previews/PHDW-108.jpg,4cc956d92492ac47ee72bb629748cb57
Previews/PHDW-109.jpg,4cc956d92492ac47ee72bb629748cb57
Previews/PHDW-110.jpg,4cc956d92492ac47ee72bb629748cb57
Previews/PHDW-111.jpg,4cc956d92492ac47ee72bb629748cb57
Previews/PHDW-112.jpg,4cc956d92492ac47ee72bb629748cb57
Previews/PHDW-113.jpg,4cc956d92492ac47ee72bb629748cb57
Previews/PHDW-114.jpg,4cc956d92492ac47ee72bb629748cb57
Previews/PHDW-115.jpg,4cc956d92492ac47ee72bb629748cb57
Previews/PHDW-116.jpg,4cc956d92492ac47ee72bb629748cb57
Previews/PHDW-117.jpg,4cc956d92492ac47ee72bb629748cb57
Previews/PHDW-118.jpg,4cc956d92492ac47ee72bb629748cb57
Previews/PHDW-119.jpg,4cc956d92492ac47ee72bb629748cb57
Previews/PHDW-120.jpg,4cc956d92492ac47ee72bb629748cb57
Previews/PHDW-121.jpg,4cc956d92492ac47ee72bb629748cb57
Previews/PHDW-122.jpg,4cc956d92492ac47ee72bb629748cb57
Previews/PHDW-123.jpg,4cc956d92492ac47ee72bb629748cb57
Previews/PHDW-124.jpg,4cc956d92492ac47ee72bb629748cb57
Previews/PHDW-125.jpg,4cc956d92492ac47ee72bb629748cb57
Previews/PHDW-126.jpg,4cc956d92492ac47ee72bb629748cb57
Previews/PHDW-127.jpg,4cc956d92492ac47ee72bb629748cb57
Previews/PHDW-128.jpg,4cc956d92492ac47ee72bb629748cb57
Previews/PHDW-129.jpg,4cc956d92492ac47ee72bb629748cb57
Previews/PHDW-130.jpg,4cc956d92492ac47ee72bb629748cb57
Previews/PHDW-131.jpg,4cc956d92492ac47ee72bb629748cb57
Previews/PHDW-132.jpg,4cc956d92492ac47ee72bb629748cb57
Previews/PHDW-133.jpg,4cc956d92492ac47ee72bb629748cb57
Previews/PHDW-134.jpg,4cc956d92492ac47ee72bb629748cb57
Previews/PHDW-135.jpg,4cc956d92492ac47ee72bb629748cb57
Previews/PHDW-136.jpg,4cc956d92492ac47ee72bb629748cb57
Previews/PHDW-137.jpg,4cc956d92492ac47ee72bb629748cb57
Previews/PHDW-138.jpg,4cc956d92492ac47ee72bb629748cb57
Previews/PHDW-139.jpg,4cc956d92492ac47ee72bb629748cb57
Previews/PHDW-140.jpg,4cc956d92492ac47ee72bb629748cb57
Previews/PHDW-141.jpg,4cc956d92492ac47ee72bb629748cb57
Previews/PHDW-142.jpg,4cc956d92492ac47ee72bb629748cb57
Previews/PHDW-143.jpg,4cc956d92492ac47ee72bb629748cb57
Previews/PHDW-144.jpg,4cc956d92492ac47ee72bb629748cb57
Previews/PHDW-145.jpg,4cc956d92492ac47ee72bb629748cb57
Previews/PHDW-146.jpg,4cc956d92492ac47ee72bb629748cb57
Previews/PHDW-147.jpg,4cc956d92492ac47ee72bb629748cb57
Previews/PHDW-148.jpg,4cc956d92492ac47ee72bb629748cb57
Previews/PHDW-149.jpg,4cc956d92492ac47ee72bb629748cb57
Previews/PHDW-150.jpg,4cc956d92492ac47ee72bb629748cb57
Previews/PHDW-151.jpg,4cc956d92492ac47ee72bb629748cb57
Previews/PHDW-152.jpg,4cc956d92492ac47ee72bb629748cb57
Previews/PHDW-153.jpg,4cc956d92492ac47ee72bb629748cb57
Previews/PHDW-154.jpg,4cc956d92492ac47ee72bb629748cb57
Previews/PHDW-155.jpg,4cc956d92492ac47ee72bb629748cb57
Previews/PHDW-156.jpg,4cc956d92492ac47ee72bb629748cb57
Previews/PHDW-157.jpg,4cc956d92492ac47ee72bb629748cb57
Previews/PHDW-158.jpg,4cc956d92492ac47ee72bb629748cb57
Previews/PHDW-159.jpg,4cc956d92492ac47ee72bb629748cb57
Previews/PHDW-160.jpg,4cc956d92492ac47ee72bb629748cb57
Previews/PHDW-161.jpg,4cc956d92492ac47ee72bb629748cb57
Previews/PHDW-162.jpg,4cc956d92492ac47ee72bb629748cb57
Previews/PHDW-163.jpg,4cc956d92492ac47ee72bb629748cb57
Previews/PHDW-164.jpg,4cc956d92492ac47ee72bb629748cb57
Previews/PHDW-165.jpg,4cc956d92492ac47ee72bb629748cb57
Previews/PHDW-166.jpg,4cc956d92492ac47ee72bb629748cb57
Previews/PHDW-167.jpg,4cc956d92492ac47ee72bb629748cb57
Previews/PHDW-168.jpg,4cc956d92492ac47ee72bb629748cb57
Previews/PHDW-169.jpg,4cc956d92492ac47ee72bb629748cb57
Previews/PHDW-170.jpg,4cc956d92492ac47ee72bb629748cb57
Previews/PHDW-171.jpg,4cc956d92492ac47ee72bb629748cb57
Previews/PHDW-172.jpg,4cc956d92492ac47ee72bb629748cb57
Previews/PHDW-173.jpg,4cc956d92492ac47ee72bb629748cb57
Previews/PHDW-174.jpg,4cc956d92492ac47ee72bb629748cb57
Previews/PHDW-175.jpg,4cc956d92492ac47ee72bb629748cb57
Previews/PHDW-176.jpg,4cc956d92492ac47ee72bb629748cb57
Previews/PHDW-177.jpg,4cc956d92492ac47ee72bb629748cb57
Previews/PHDW-178.jpg,4cc956d92492ac47ee72bb629748cb57
Previews/PHDW-179.jpg,4cc956d92492ac47ee72bb629748cb57
Previews/PHDW-180.jpg,4cc956d92492ac47ee72bb629748cb57
Previews/PHDW-181.jpg,4cc956d92492ac47ee72bb629748cb57
StarterDecks/Starter.txt,f6cdc00610bfb9dd1e5245a4aa953968
