PHDW-001.gd,6d71ef1fcf5949291001374c0d3668e8
PHDW-002.gd,f7c07ddf7ee3bbe93c885cc3d7cc7ee2
PHDW-006.gd,853374b5c1aa916107ca96f814a91fb2
PHDW-007.gd,97634fa68c87f51e7745c2bf89a04c0c
PHDW-008.gd,c94e82ca1a84fa8f170499879a03e876
PHDW-009.gd,803565f32d9db9d8044dfb1805a6ab84
PHDW-010.gd,3b1156528feecaed9444b1d96061943f
PHDW-011.gd,85b7b3e7f00ba62579471f5bd8e75b90
PHDW-012.gd,a7b121eb0ed0145f2a525c48bf097946
PHDW-013.gd,e49069d9678031333161b5aec3e49347
PHDW-014.gd,a3af33ec9c1a92215d847e62e096c7e1
PHDW-015.gd,a475f4c30900cdd7b9bec0ac566b2c2f
PHDW-016.gd,59015252e179703a848442d1181d87b4
PHDW-019.gd,8781d7d1b18f186cdd3ef328daa9c8a5
PHDW-020.gd,3784b21e3825558aac62dc9a875b90f9
PHDW-021.gd,d4512b5355ca06882808509d9012c4d7
PHDW-022.gd,4c2b21132c33e79a68e45f17151204b3
PHDW-023.gd,648e27ed6b7930a3ce763836b84a85f0
PHDW-024.gd,8f57115749e7955d3de120808ae95a90
PHDW-026.gd,852b5003f21209386ae0a55fcfc75abd
PHDW-030.gd,5cd32059f2565bfa6935c97aebe24181
PHDW-031.gd,da405d5542fca11a17e5c12b90173633
PHDW-032.gd,2fbd306fa26abb987b419f987d9d78cf
PHDW-035.gd,07a8c375b992e103799d2b7862ce9c0d
PHDW-036.gd,19e0864cec27fa9b513c40927d99aebe
PHDW-044.gd,ff4fa7f6b368c519678f00419299a7d6
PHDW-046.gd,272e7e2bfb47e107335d535aa9f9d4eb
PHDW-050.gd,f454038e9589aa0e6989b344268491a6
versionInfo.txt,feb124cea788f2d582bd40b188ffce1c
